rank,astrodeep_id,field,ra,dec,zphot,zspec,has_nirspec,mahal_dist,class_star,r50_px,mag_F444W,snr_F444W,f_F814W,f_F115W,f_F150W,f_F200W,f_F277W,f_F356W,f_F410M,f_F444W
1,83259,JADESGSO,53.07634,-27.909923,7.475,,False,0.133,0.99,3.235,25.34,89.7,0.00096,0.02655,0.01728,0.02146,0.04758,0.14189,0.29963,0.26548
2,70273,JADESGNO,189.109564,62.228453,7.5,,False,0.198,0.97,3.072,25.528,101.1,0.00812,0.01678,0.01115,0.00975,0.03239,0.10412,0.24673,0.22333
3,59838,JADESGNO,189.269656,62.175925,4.725,,False,0.286,0.98,3.303,26.123,59.2,0.02148,0.01728,0.02972,0.03606,0.11122,0.19511,0.11923,0.12912
4,57424,JADESGNO,189.25366,62.163411,6.1,,False,0.304,0.98,3.585,26.834,41.1,0.00769,0.01384,0.01623,0.01405,0.0419,0.07589,0.06064,0.06705
5,81297,JADESGNO,189.081079,62.295055,4.925,,False,0.382,0.98,3.155,25.909,45.0,0.01807,0.02226,0.02428,0.03323,0.13329,0.16661,0.13491,0.15717
6,88259,JADESGSO,53.078859,-27.884155,5.563,5.563,False,0.399,0.99,3.644,22.793,637.3,0.36599,0.67126,0.58342,0.7335,1.19273,2.76601,2.57726,2.77243
7,165581,PRIMERCO,150.100967,2.41942,4.66,4.66,False,0.401,1.0,3.364,19.694,1809.9,2.18295,4.2069,9.046,14.7494,26.1057,49.4753,44.266,48.1062
8,14126,CEERSO,215.08027,52.907898,7.475,,False,0.404,0.93,4.739,23.469,224.7,0.00679,0.14359,0.15525,0.14355,0.19893,0.73725,1.5326,1.48778
9,79338,JADESGNO,189.06118,62.284112,7.475,,False,0.431,0.83,3.961,25.117,115.1,0.00425,0.01575,0.01901,0.02874,0.06764,0.14887,0.4618,0.32587
10,61598,JADESGNO,189.339475,62.184772,7.45,,False,0.489,0.93,4.013,24.701,210.6,0.0039,0.06904,0.07843,0.07511,0.09798,0.3369,0.55086,0.47798
11,86482,JADESGSO,53.11907,-27.892555,7.575,,False,0.527,0.98,3.923,26.225,52.9,4e-05,0.01127,0.01082,0.01278,0.02208,0.04908,0.13951,0.11749
12,75363,JADESGNO,189.211519,62.255333,4.65,,False,0.538,0.97,2.932,26.83,38.2,0.01738,0.01436,0.02003,0.01709,0.04609,0.07901,0.05442,0.06728
13,190210,PRIMERUO,34.255547,-5.25654,6.175,,False,0.538,0.92,4.006,25.59,47.1,0.02919,0.0346,0.03324,0.04405,0.10269,0.1845,0.20848,0.21089
14,109143,JADESGSO,53.101878,-27.810947,5.3,,False,0.563,0.98,3.054,26.272,50.7,0.01228,0.00541,0.00742,0.00881,0.0314,0.05366,0.12232,0.11256
15,135951,PRIMERCO,150.089789,2.261681,5.6,,False,0.575,0.97,3.231,25.377,134.3,0.04105,0.0465,0.05061,0.04326,0.12348,0.21912,0.22135,0.25645
16,77087,JADESGNO,189.057089,62.268931,5.236,5.236,False,0.606,0.98,3.064,25.539,77.6,0.01407,0.00853,0.01248,0.01011,0.051,0.07014,0.29368,0.22108
17,32512,CEERSO,214.758698,52.749725,6.4,,False,0.612,0.99,3.376,25.584,53.8,0.05222,0.03476,0.03547,0.04148,0.08757,0.17027,0.16975,0.21205
18,142716,PRIMERCO,150.150659,2.296891,4.775,,False,0.632,0.95,3.53,25.823,135.0,0.02826,0.02789,0.03298,0.05042,0.16227,0.19822,0.1535,0.17014
19,100000,JADESGSO,53.089744,-27.845215,4.736,4.736,False,0.665,0.94,4.098,24.957,439.2,0.07182,0.07182,0.07995,0.08326,0.26064,0.39244,0.35281,0.37767
20,101959,JADESGSO,53.067296,-27.838334,7.975,,False,0.667,0.98,2.974,26.35,64.6,3e-05,0.00835,0.00723,0.00759,0.01763,0.05012,0.05899,0.10469
21,71426,JADESGNO,189.227201,62.234138,4.725,,False,0.675,0.98,3.351,26.494,48.8,0.01566,0.01623,0.01682,0.02727,0.07305,0.10707,0.08273,0.09169
22,80519,JADESGNO,189.086983,62.290799,5.275,,False,0.68,0.99,3.074,24.197,186.0,0.01461,0.03514,0.03069,0.04109,0.23819,0.34502,0.95577,0.76076
23,80630,JADESGNO,188.987777,62.291093,4.65,,False,0.7,0.99,3.293,24.674,113.0,0.11647,0.10836,0.10483,0.13741,0.33307,0.59453,0.43322,0.49022
24,73791,JADESGNO,189.124342,62.24588,4.575,,False,0.703,0.97,3.433,26.215,48.0,0.02412,0.03099,0.01981,0.03788,0.08978,0.13527,0.10389,0.11856
25,55862,JADESGNO,189.243569,62.154853,5.275,,False,0.717,0.97,3.199,25.574,155.1,0.00379,0.01217,0.01153,0.01516,0.06104,0.09815,0.23363,0.214
26,64675,JADESGNO,189.234795,62.199956,4.575,,False,0.723,0.98,3.023,26.216,65.8,0.02026,0.02364,0.02137,0.03166,0.06193,0.10806,0.10075,0.11845
27,171819,PRIMERCO,150.17002,2.47841,3.95,,False,0.738,0.98,3.046,26.252,35.9,0.01825,0.02928,0.0225,0.03961,0.1016,0.13035,0.08744,0.11461
28,895,A2744O,3.575986,-30.419029,7.75,,False,0.738,0.96,2.951,27.359,31.1,0.00551,0.00532,0.00557,0.0068,0.01229,0.02972,0.03397,0.04135
29,69986,JADESGNO,189.212588,62.227434,4.35,,False,0.739,0.99,3.179,24.76,184.9,0.0897,0.08679,0.08478,0.11759,0.2894,0.42609,0.41471,0.4531
30,104712,JADESGSO,53.065507,-27.827437,4.175,,False,0.759,0.85,4.131,27.529,26.8,0.00572,0.00751,0.00644,0.01,0.02272,0.03251,0.02593,0.03535
31,139669,PRIMERCO,150.129271,2.282166,8.025,,False,0.789,0.97,3.354,24.795,345.4,0.01243,0.02098,0.02631,0.03749,0.06603,0.17235,0.18683,0.43861
32,903,A2744O,3.598795,-30.41873,4.375,,False,0.797,0.98,3.087,25.876,75.7,0.027,0.03042,0.03594,0.05089,0.11263,0.19265,0.14359,0.16196
33,55397,JADESGNO,189.26316,62.151226,6.575,,False,0.817,0.97,2.982,26.655,52.0,0.01665,0.01052,0.01112,0.01342,0.02586,0.05819,0.06145,0.07907
34,79955,JADESGNO,189.12575,62.287398,4.65,,False,0.834,0.86,3.94,25.602,52.8,0.04327,0.05847,0.0515,0.07267,0.15572,0.25298,0.18863,0.20856
35,45230,CEERSO,214.859082,52.876592,6.375,,False,0.852,0.97,4.033,24.097,301.0,0.04403,0.08431,0.10657,0.11555,0.28053,0.71411,0.68312,0.83371
36,179431,PRIMERUO,34.321628,-5.291474,4.5,,False,0.853,0.98,3.193,27.048,14.9,,0.0153,0.01599,0.01976,0.0454,0.0686,0.04385,0.05507
37,68052,JADESGNO,189.171957,62.217581,6.775,,False,0.918,0.98,2.904,27.963,17.3,-0.0001,0.00427,0.00402,0.00937,0.01477,0.05866,0.07602,0.02371
38,60732,JADESGNO,189.274941,62.18017,4.9,,False,0.944,0.97,2.971,25.794,90.5,0.02337,0.01905,0.01586,0.0331,0.09666,0.17126,0.16448,0.17476
39,76720,JADESGNO,189.092772,62.266212,4.675,,False,0.946,0.76,5.376,26.214,28.1,0.01569,0.02425,0.02906,0.04125,0.09787,0.12205,0.09911,0.11871
40,671,A2744O,3.610208,-30.420997,4.55,,False,0.949,0.95,4.245,24.25,217.0,0.15139,0.15347,0.17825,0.22115,0.53221,0.75091,0.6725,0.72475
41,194348,PRIMERUO,34.283636,-5.243913,2.475,,False,0.954,0.96,2.805,25.994,46.6,0.03326,0.03116,0.03755,0.04021,0.07629,0.14299,0.12984,0.14533
42,235209,PRIMERUO,34.465651,-5.085875,4.9,,False,0.961,0.97,9.835,24.924,14.1,,0.06357,0.07561,0.04981,0.48315,0.52022,0.90865,0.38932
43,15893,CEERSO,215.137019,52.955644,8.25,,False,1.017,0.98,3.879,26.141,31.2,0.00485,0.0131,0.00742,0.00792,0.01512,0.04055,0.05436,0.12699
44,20016,CEERSO,214.899799,52.801539,9.9,,False,1.023,0.97,2.947,26.603,41.5,0.00037,0.00512,0.00833,0.01146,0.01917,0.03204,0.05664,0.08295
45,55227,JADESGNO,189.27932,62.15007,7.475,,False,1.027,0.95,3.406,25.189,134.9,0.0194,0.03402,0.03448,0.03591,0.0683,0.14469,0.44068,0.30496
46,77685,JADESGNO,189.065887,62.27324,5.6,,False,1.043,0.98,3.349,26.312,46.9,0.0141,0.01489,0.0142,0.01592,0.0442,0.07396,0.09127,0.10841
47,196040,PRIMERUO,34.470021,-5.238087,7.85,,False,1.044,0.98,3.637,24.277,136.7,0.00967,0.04564,0.064,0.07377,0.11929,0.30865,0.33644,0.70683
48,79298,JADESGNO,189.05773,62.28356,5.45,,False,1.053,0.99,3.16,24.735,155.4,0.04892,0.04718,0.05544,0.05389,0.2147,0.42658,0.59254,0.46324
49,126661,PRIMERCO,150.098275,2.192187,3.1,,False,1.079,0.97,3.016,25.59,63.1,0.02497,0.03384,0.02375,0.04374,0.07853,0.14223,0.1892,0.21082
50,155312,PRIMERCO,150.107054,2.357607,4.65,,False,1.114,0.96,3.07,25.202,188.5,0.06627,0.05179,0.05179,0.05746,0.1484,0.2327,0.25514,0.30156
51,166781,PRIMERCO,150.141564,2.426328,6.775,,False,1.125,0.98,3.05,26.438,64.4,0.01436,0.01022,0.01635,0.01776,0.05476,0.12276,0.15691,0.09658
52,170506,PRIMERCO,150.202213,2.463549,5.925,,False,1.126,0.91,4.239,24.61,109.5,-0.02168,0.03715,0.04527,0.07136,0.25033,0.41681,0.47046,0.52016
53,83571,JADESGSO,53.126084,-27.906899,5.525,,False,1.129,0.98,3.324,26.889,41.1,0.01018,0.01212,0.01356,0.01497,0.03258,0.05508,0.06283,0.06375
54,74707,JADESGNO,189.161841,62.251053,5.0,,False,1.131,0.99,3.213,24.978,108.7,0.03451,0.04299,0.04511,0.0608,0.20851,0.42793,0.32123,0.37054
55,30901,CEERSO,214.738251,52.727473,4.65,,False,1.148,0.96,3.351,26.938,21.8,0.01888,0.0083,0.00883,0.0137,0.03428,0.04775,0.05031,0.06092
56,183206,PRIMERUO,34.398883,-5.277551,6.7,,False,1.153,0.98,2.816,25.149,67.4,0.03005,0.01754,0.02083,0.0238,0.08885,0.23198,0.25934,0.31666
57,80840,JADESGNO,189.113078,62.292383,5.375,,False,1.165,0.97,2.982,25.27,97.9,0.0201,0.01466,0.0139,0.01709,0.08999,0.17392,0.28888,0.28305
58,192467,PRIMERUO,34.230889,-5.249523,5.575,,False,1.166,0.95,3.901,24.845,73.6,0.02617,0.02131,0.03825,0.06564,0.17192,0.30525,0.35772,0.41889
59,60227,JADESGNO,189.30751,62.178013,7.925,,False,1.169,0.85,4.933,24.976,174.3,0.00744,0.02765,0.03667,0.05277,0.0728,0.20009,0.14737,0.37129
60,74567,JADESGNO,189.211085,62.250272,4.85,,False,1.219,0.98,3.165,25.292,105.5,0.01373,0.01416,0.02023,0.03184,0.11953,0.23923,0.24395,0.27736
61,128176,PRIMERCO,150.088852,2.20702,3.8,,False,1.221,0.91,3.775,26.238,61.4,0.01381,0.01946,0.01634,0.0256,0.05133,0.08053,0.09701,0.11613
62,82766,JADESGNO,189.167294,62.319726,17.075,,False,1.221,0.94,2.2,25.906,15.9,-0.00148,0.01795,0.01009,0.00812,0.15001,0.16192,0.26442,0.15755
63,129741,PRIMERCO,150.102281,2.219085,7.75,,False,1.222,0.98,2.798,26.622,55.1,0.00995,0.03515,0.01185,0.01004,0.02215,0.05516,0.06837,0.08151
64,75946,JADESGNO,189.159006,62.260217,5.0,,False,1.222,0.93,3.67,24.689,118.2,0.03313,0.0356,0.04205,0.05818,0.18214,0.43015,0.38784,0.48342
65,181134,PRIMERUO,34.240588,-5.285075,5.0,,False,1.233,0.98,1.539,24.271,28.4,0.02819,0.04669,0.04188,0.05913,0.72699,0.74493,1.57244,0.71057
66,93764,JADESGSO,53.0374,-27.865598,5.4,,False,1.24,0.98,3.323,24.32,730.3,0.03893,0.05648,0.06199,0.07024,0.28176,0.63763,0.6553,0.67918
67,114872,JADESGSO,53.125427,-27.787437,5.475,,False,1.249,0.98,2.981,25.876,165.4,0.00319,0.00636,0.00627,0.00745,0.04178,0.10918,0.17695,0.16206
68,108423,JADESGSO,53.144939,-27.813812,4.375,,True,1.27,0.98,3.352,26.124,195.3,0.01792,0.01591,0.01813,0.02053,0.0578,0.08485,0.11271,0.12889
69,168920,PRIMERCO,150.14571,2.446264,4.65,,False,1.307,0.98,3.172,24.998,141.5,0.11009,0.09858,0.11439,0.12942,0.31419,0.43129,0.33117,0.36366
70,100915,JADESGSO,53.042426,-27.841816,4.65,,False,1.354,1.0,3.298,23.81,248.0,0.02398,0.02179,0.02825,0.06758,0.3771,0.90305,0.97306,1.08612
71,99768,JADESGSO,53.036389,-27.846573,5.4,,False,1.357,0.98,3.296,25.241,83.3,0.01867,0.0229,0.03023,0.03829,0.15218,0.38955,0.28108,0.29089
72,183898,PRIMERUO,34.458978,-5.275622,5.5,,False,1.396,0.97,3.343,26.94,21.5,0.01447,0.01373,0.013,0.01432,0.03548,0.05711,0.06364,0.0608
73,67709,JADESGNO,189.281655,62.216122,5.6,,False,1.407,0.97,3.478,25.653,118.5,0.01674,0.01434,0.01663,0.02022,0.07195,0.17859,0.1686,0.19906
74,78880,JADESGNO,189.173227,62.280935,4.475,,False,1.416,0.98,3.195,26.953,19.2,0.0396,0.03177,0.0292,0.03061,0.08185,0.1301,0.06283,0.06007
75,196328,PRIMERUO,34.246611,-5.237061,7.55,,False,1.488,0.96,3.429,26.333,25.2,0.01131,0.01435,0.01241,0.02886,0.0302,0.06237,0.13246,0.10639
76,68942,JADESGNO,189.248713,62.2223,4.65,,False,1.577,0.98,3.447,26.505,59.7,0.01117,0.01675,0.0202,0.02709,0.05564,0.07287,0.07406,0.09081
77,40515,CEERSO,214.800057,52.875669,7.675,,False,1.582,0.98,4.215,26.903,24.9,0.00927,0.00671,0.00557,0.01005,0.01688,0.03096,0.04912,0.06292
78,111776,JADESGSO,53.189698,-27.800759,4.225,,False,1.602,0.99,3.217,25.952,116.2,0.02553,0.02332,0.0246,0.0326,0.08503,0.10692,0.13216,0.15102
79,135445,PRIMERCO,150.145654,2.258551,6.75,,True,1.603,0.97,2.794,27.415,38.9,-0.0001,0.01257,0.01037,0.01126,0.01744,0.06532,0.05755,0.03926
80,213409,PRIMERUO,34.49247,-5.175986,6.75,,False,1.665,0.98,3.093,27.434,13.4,0.02333,0.0141,0.01123,0.01413,0.02754,0.05659,0.06249,0.03857
81,141057,PRIMERCO,150.183064,2.28842,7.475,,False,1.672,0.97,2.813,26.306,57.7,0.0131,0.02314,0.01688,0.01368,0.0291,0.06589,0.12331,0.10902
82,162809,PRIMERCO,150.149807,2.399364,6.975,,False,1.686,0.98,3.042,26.883,49.7,0.00932,0.00897,0.01823,0.011,0.03043,0.0542,0.10649,0.06411
83,83545,JADESGSO,53.073717,-27.907196,4.65,,False,1.792,0.96,2.764,27.724,20.5,0.00796,0.0084,0.01214,0.01551,0.03898,0.04942,0.0232,0.02953
84,45991,CEERSO,214.861034,52.879024,7.575,,False,1.797,0.96,2.757,26.51,37.5,0.00786,0.01267,0.01267,0.00903,0.02012,0.03511,0.10166,0.09038
85,12980,A2744O,3.569457,-30.339303,5.55,,False,1.816,0.95,2.874,26.876,44.8,,0.0138,0.01455,0.01959,0.04988,0.06152,0.06278,0.06451
86,82001,JADESGNO,189.110037,62.301197,4.65,,False,1.869,0.98,2.894,27.669,14.4,0.00738,0.00618,0.00855,0.01243,0.02745,0.03418,0.03075,0.03108
87,166442,PRIMERCO,150.083335,2.423162,4.65,,False,2.005,0.98,3.243,26.121,37.0,0.03795,0.0341,0.03479,0.03002,0.09657,0.11957,0.11639,0.12926
88,173809,PRIMERUO,34.297931,-5.313265,7.6,,False,2.042,0.96,2.849,26.063,22.6,,0.03636,0.02936,0.02473,0.02909,0.06506,0.16177,0.13645
89,98046,JADESGSO,53.09642,-27.853091,7.475,,False,2.123,0.96,2.885,27.067,96.6,0.00508,0.00728,0.00626,0.00822,0.01386,0.0246,0.08175,0.05411
90,218187,PRIMERUO,34.478248,-5.160802,5.55,,False,2.161,1.0,2.405,26.896,22.9,0.00481,0.01468,0.01381,0.01823,0.0277,0.05123,0.05999,0.06335
91,208068,PRIMERUO,34.425669,-5.19466,5.275,,False,2.171,0.97,2.94,25.185,56.4,0.02178,0.0401,0.04043,0.03401,0.12018,0.14813,0.3986,0.30622
92,190388,PRIMERUO,34.362632,-5.256168,7.5,,False,2.188,0.44,5.16,25.856,21.2,-0.00281,0.03145,0.02602,0.038,0.03392,0.09213,0.21639,0.16501
93,23481,CEERSO,215.12013,52.970638,3.975,,False,2.198,0.96,3.232,27.033,12.4,0.0172,0.01517,0.01479,0.02054,0.04394,0.05725,0.03673,0.0558
94,42016,CEERSO,214.794389,52.8374,5.35,,False,2.231,0.98,3.516,25.068,75.8,0.02365,0.05216,0.05181,0.05638,0.13758,0.21819,0.48403,0.34111
95,30353,CEERSO,214.889671,52.832976,5.666,5.666,True,2.251,0.95,2.554,27.188,17.4,0.00689,0.00817,0.00814,0.00884,0.01397,0.02752,0.03641,0.0484
96,66489,JADESGNO,189.286369,62.209237,2.475,,False,2.258,0.53,3.256,27.859,17.2,0.05758,0.0071,0.00933,0.00715,0.01834,0.02723,0.02349,0.02608
97,156608,PRIMERCO,150.190779,2.364231,5.0,,False,2.278,0.97,2.74,26.417,39.5,0.02476,0.02249,0.02575,0.01877,0.07788,0.08641,0.15459,0.09844
98,28820,CEERSO,214.886416,52.823381,7.7,,False,2.358,0.96,2.438,27.352,23.1,-0.00189,0.00759,0.00816,0.00673,0.00844,0.01783,0.02761,0.0416
99,80829,JADESGNO,189.17929,62.292531,5.355,5.355,False,2.423,0.98,3.079,24.933,127.0,0.09789,0.08153,0.077,0.09037,0.19779,0.3044,0.5574,0.38618
100,174927,PRIMERUO,34.406872,-5.308637,4.875,,False,2.427,0.94,1.661,27.32,8.2,,0.01361,0.01875,0.02753,0.07712,0.07902,0.08046,0.04285
101,232968,PRIMERUO,34.439667,-5.117355,8.35,,False,2.49,0.96,2.586,27.035,26.5,0.00939,0.00623,0.01106,0.01073,0.01406,0.03031,0.04177,0.0557
102,52218,CEERSO,214.902231,52.93937,10.175,,False,2.502,0.96,2.868,26.524,31.2,0.00204,0.00709,0.01279,0.0183,0.01625,0.03538,0.04861,0.08921
103,153982,PRIMERCO,150.07671,2.350925,7.3,,True,2.634,0.95,2.609,26.277,83.5,0.00687,0.01658,0.01292,0.01138,0.03508,0.04361,0.15839,0.11195
104,120728,JADESGSO,53.147947,-27.75993,7.8,,False,2.834,0.96,2.818,27.866,29.8,0.0001,0.00408,0.00331,0.00338,0.00558,0.01346,0.01456,0.02592
105,227169,PRIMERUO,34.231396,-5.134771,3.825,,False,2.908,0.91,4.055,25.455,48.9,0.05869,0.0612,0.04416,0.09295,0.13863,0.20318,0.21852,0.23876
106,205985,PRIMERUO,34.452731,-5.201891,5.325,,False,2.972,0.98,3.157,24.623,77.6,0.03747,0.06967,0.07145,0.10115,0.16305,0.22664,0.80624,0.51403
107,214402,PRIMERUO,34.327691,-5.17309,7.3,,False,2.976,0.98,3.105,25.316,33.3,0.02265,0.03288,0.03424,0.04604,0.09208,0.10569,0.38453,0.27132
